<resources>
    <color name="md_theme_primary">#705289</color>
    <color name="md_theme_onPrimary">#FFFFFF</color>
    <color name="md_theme_primaryContainer">#F1DAFF</color>
    <color name="md_theme_onPrimaryContainer">#290C41</color>
    <color name="md_theme_secondary">#555A92</color>
    <color name="md_theme_onSecondary">#FFFFFF</color>
    <color name="md_theme_secondaryContainer">#E0E0FF</color>
    <color name="md_theme_onSecondaryContainer">#10144B</color>
    <color name="md_theme_tertiary">#835414</color>
    <color name="md_theme_onTertiary">#FFFFFF</color>
    <color name="md_theme_tertiaryContainer">#FFDDBA</color>
    <color name="md_theme_onTertiaryContainer">#2B1700</color>
    <color name="md_theme_error">#4D5C92</color>
    <color name="md_theme_onError">#FFFFFF</color>
    <color name="md_theme_errorContainer">#DCE1FF</color>
    <color name="md_theme_onErrorContainer">#04164B</color>
    <color name="md_theme_background">#FFF7FE</color>
    <color name="md_theme_onBackground">#1E1A20</color>
    <color name="md_theme_surface">#F9F9FF</color>
    <color name="md_theme_onSurface">#1A1B20</color>
    <color name="md_theme_surfaceVariant">#E9DFEA</color>
    <color name="md_theme_onSurfaceVariant">#4B454D</color>
    <color name="md_theme_outline">#7C757E</color>
    <color name="md_theme_outlineVariant">#CDC4CE</color>
    <color name="md_theme_scrim">#000000</color>
    <color name="md_theme_inverseSurface">#2F3036</color>
    <color name="md_theme_inverseOnSurface">#F0F0F7</color>
    <color name="md_theme_inversePrimary">#DCB9F8</color>
    <color name="md_theme_primaryFixed">#F1DAFF</color>
    <color name="md_theme_onPrimaryFixed">#290C41</color>
    <color name="md_theme_primaryFixedDim">#DCB9F8</color>
    <color name="md_theme_onPrimaryFixedVariant">#573A70</color>
    <color name="md_theme_secondaryFixed">#E0E0FF</color>
    <color name="md_theme_onSecondaryFixed">#10144B</color>
    <color name="md_theme_secondaryFixedDim">#BEC2FF</color>
    <color name="md_theme_onSecondaryFixedVariant">#3D4279</color>
    <color name="md_theme_tertiaryFixed">#FFDDBA</color>
    <color name="md_theme_onTertiaryFixed">#2B1700</color>
    <color name="md_theme_tertiaryFixedDim">#F9BA72</color>
    <color name="md_theme_onTertiaryFixedVariant">#663E00</color>
    <color name="md_theme_surfaceDim">#DAD9E0</color>
    <color name="md_theme_surfaceBright">#F9F9FF</color>
    <color name="md_theme_surfaceContainerLowest">#FFFFFF</color>
    <color name="md_theme_surfaceContainerLow">#F3F3FA</color>
    <color name="md_theme_surfaceContainer">#EEEDF4</color>
    <color name="md_theme_surfaceContainerHigh">#E8E7EF</color>
    <color name="md_theme_surfaceContainerHighest">#E2E2E9</color>
    <color name="md_theme_primary_mediumContrast">#53366C</color>
    <color name="md_theme_onPrimary_mediumContrast">#FFFFFF</color>
    <color name="md_theme_primaryContainer_mediumContrast">#8768A1</color>
    <color name="md_theme_onPrimaryContainer_mediumContrast">#FFFFFF</color>
    <color name="md_theme_secondary_mediumContrast">#393E74</color>
    <color name="md_theme_onSecondary_mediumContrast">#FFFFFF</color>
    <color name="md_theme_secondaryContainer_mediumContrast">#6B70AA</color>
    <color name="md_theme_onSecondaryContainer_mediumContrast">#FFFFFF</color>
    <color name="md_theme_tertiary_mediumContrast">#613A00</color>
    <color name="md_theme_onTertiary_mediumContrast">#FFFFFF</color>
    <color name="md_theme_tertiaryContainer_mediumContrast">#9D6A29</color>
    <color name="md_theme_onTertiaryContainer_mediumContrast">#FFFFFF</color>
    <color name="md_theme_error_mediumContrast">#314074</color>
    <color name="md_theme_onError_mediumContrast">#FFFFFF</color>
    <color name="md_theme_errorContainer_mediumContrast">#6472AA</color>
    <color name="md_theme_onErrorContainer_mediumContrast">#FFFFFF</color>
    <color name="md_theme_background_mediumContrast">#FFF7FE</color>
    <color name="md_theme_onBackground_mediumContrast">#1E1A20</color>
    <color name="md_theme_surface_mediumContrast">#F9F9FF</color>
    <color name="md_theme_onSurface_mediumContrast">#1A1B20</color>
    <color name="md_theme_surfaceVariant_mediumContrast">#E9DFEA</color>
    <color name="md_theme_onSurfaceVariant_mediumContrast">#474149</color>
    <color name="md_theme_outline_mediumContrast">#635D66</color>
    <color name="md_theme_outlineVariant_mediumContrast">#807882</color>
    <color name="md_theme_scrim_mediumContrast">#000000</color>
    <color name="md_theme_inverseSurface_mediumContrast">#2F3036</color>
    <color name="md_theme_inverseOnSurface_mediumContrast">#F0F0F7</color>
    <color name="md_theme_inversePrimary_mediumContrast">#DCB9F8</color>
    <color name="md_theme_primaryFixed_mediumContrast">#8768A1</color>
    <color name="md_theme_onPrimaryFixed_mediumContrast">#FFFFFF</color>
    <color name="md_theme_primaryFixedDim_mediumContrast">#6D4F87</color>
    <color name="md_theme_onPrimaryFixedVariant_mediumContrast">#FFFFFF</color>
    <color name="md_theme_secondaryFixed_mediumContrast">#6B70AA</color>
    <color name="md_theme_onSecondaryFixed_mediumContrast">#FFFFFF</color>
    <color name="md_theme_secondaryFixedDim_mediumContrast">#52578F</color>
    <color name="md_theme_onSecondaryFixedVariant_mediumContrast">#FFFFFF</color>
    <color name="md_theme_tertiaryFixed_mediumContrast">#9D6A29</color>
    <color name="md_theme_onTertiaryFixed_mediumContrast">#FFFFFF</color>
    <color name="md_theme_tertiaryFixedDim_mediumContrast">#805212</color>
    <color name="md_theme_onTertiaryFixedVariant_mediumContrast">#FFFFFF</color>
    <color name="md_theme_surfaceDim_mediumContrast">#DAD9E0</color>
    <color name="md_theme_surfaceBright_mediumContrast">#F9F9FF</color>
    <color name="md_theme_surfaceContainerLowest_mediumContrast">#FFFFFF</color>
    <color name="md_theme_surfaceContainerLow_mediumContrast">#F3F3FA</color>
    <color name="md_theme_surfaceContainer_mediumContrast">#EEEDF4</color>
    <color name="md_theme_surfaceContainerHigh_mediumContrast">#E8E7EF</color>
    <color name="md_theme_surfaceContainerHighest_mediumContrast">#E2E2E9</color>
    <color name="md_theme_primary_highContrast">#301448</color>
    <color name="md_theme_onPrimary_highContrast">#FFFFFF</color>
    <color name="md_theme_primaryContainer_highContrast">#53366C</color>
    <color name="md_theme_onPrimaryContainer_highContrast">#FFFFFF</color>
    <color name="md_theme_secondary_highContrast">#171C52</color>
    <color name="md_theme_onSecondary_highContrast">#FFFFFF</color>
    <color name="md_theme_secondaryContainer_highContrast">#393E74</color>
    <color name="md_theme_onSecondaryContainer_highContrast">#FFFFFF</color>
    <color name="md_theme_tertiary_highContrast">#341D00</color>
    <color name="md_theme_onTertiary_highContrast">#FFFFFF</color>
    <color name="md_theme_tertiaryContainer_highContrast">#613A00</color>
    <color name="md_theme_onTertiaryContainer_highContrast">#FFFFFF</color>
    <color name="md_theme_error_highContrast">#0D1E52</color>
    <color name="md_theme_onError_highContrast">#FFFFFF</color>
    <color name="md_theme_errorContainer_highContrast">#314074</color>
    <color name="md_theme_onErrorContainer_highContrast">#FFFFFF</color>
    <color name="md_theme_background_highContrast">#FFF7FE</color>
    <color name="md_theme_onBackground_highContrast">#1E1A20</color>
    <color name="md_theme_surface_highContrast">#F9F9FF</color>
    <color name="md_theme_onSurface_highContrast">#000000</color>
    <color name="md_theme_surfaceVariant_highContrast">#E9DFEA</color>
    <color name="md_theme_onSurfaceVariant_highContrast">#27222A</color>
    <color name="md_theme_outline_highContrast">#474149</color>
    <color name="md_theme_outlineVariant_highContrast">#474149</color>
    <color name="md_theme_scrim_highContrast">#000000</color>
    <color name="md_theme_inverseSurface_highContrast">#2F3036</color>
    <color name="md_theme_inverseOnSurface_highContrast">#FFFFFF</color>
    <color name="md_theme_inversePrimary_highContrast">#F7E6FF</color>
    <color name="md_theme_primaryFixed_highContrast">#53366C</color>
    <color name="md_theme_onPrimaryFixed_highContrast">#FFFFFF</color>
    <color name="md_theme_primaryFixedDim_highContrast">#3B2054</color>
    <color name="md_theme_onPrimaryFixedVariant_highContrast">#FFFFFF</color>
    <color name="md_theme_secondaryFixed_highContrast">#393E74</color>
    <color name="md_theme_onSecondaryFixed_highContrast">#FFFFFF</color>
    <color name="md_theme_secondaryFixedDim_highContrast">#22275D</color>
    <color name="md_theme_onSecondaryFixedVariant_highContrast">#FFFFFF</color>
    <color name="md_theme_tertiaryFixed_highContrast">#613A00</color>
    <color name="md_theme_onTertiaryFixed_highContrast">#FFFFFF</color>
    <color name="md_theme_tertiaryFixedDim_highContrast">#422600</color>
    <color name="md_theme_onTertiaryFixedVariant_highContrast">#FFFFFF</color>
    <color name="md_theme_surfaceDim_highContrast">#DAD9E0</color>
    <color name="md_theme_surfaceBright_highContrast">#F9F9FF</color>
    <color name="md_theme_surfaceContainerLowest_highContrast">#FFFFFF</color>
    <color name="md_theme_surfaceContainerLow_highContrast">#F3F3FA</color>
    <color name="md_theme_surfaceContainer_highContrast">#EEEDF4</color>
    <color name="md_theme_surfaceContainerHigh_highContrast">#E8E7EF</color>
    <color name="md_theme_surfaceContainerHighest_highContrast">#E2E2E9</color>
</resources>
